Workbook

Sheet danh-muc-linh-kien
A1: ma_linh_kien | B1: ten_thiet_bi | C1: don_gia | D1: loai_storage
A2: LK001 | B2: CPU ARM Cortex-A72 1.5GHz | C2: 1450000 | D2: N/A
A3: LK002 | B3: CPU ESP32-S3 Dual-core 240MHz | C3: 180000 | D3: N/A
A4: LK003 | B4: CPU NVIDIA Jetson Nano | C4: 2400000 | D4: N/A
A5: LK004 | B5: RAM LPDDR4 2GB | C5: 320000 | D5: N/A
A6: LK005 | B6: RAM LPDDR4 4GB | C6: 540000 | D6: N/A
A7: LK006 | B7: RAM LPDDR4 8GB | C7: 980000 | D7: N/A
A8: LK007 | B8: SSD NVMe 128GB | C8: 650000 | D8: SSD
A9: LK008 | B9: SSD SATA 256GB | C9: 890000 | D9: SSD
A10: LK009 | B10: HDD 2.5 inch 500GB | C10: 720000 | D10: HDD
A11: LK010 | B11: SSD NVMe 512GB | C11: 1350000 | D11: SSD

Sheet trang-thai-tram
A1: ma_tram | B1: ma_linh_kien | C1: dung_luong_ram | D1: ngay_lap_dat | E1: ten_thiet_bi | F1: don_gia
A2: TRAM-001 | B2: LK008 | C2: 16 | D2: 46231 | E2: =VLOOKUP(TRIM(B2),'danh-muc-linh-kien'!$A$2:$D$11,2,FALSE()) -> SSD SATA 256GB | F2: =VLOOKUP(TRIM(B2),'danh-muc-linh-kien'!$A$2:$D$11,3,FALSE()) -> 890000
A3: TRAM-002 | B3: LK008 | C3: 4 | D3: 46178 | E3: =VLOOKUP(TRIM(B3),'danh-muc-linh-kien'!$A$2:$D$11,2,FALSE()) -> SSD SATA 256GB | F3: =VLOOKUP(TRIM(B3),'danh-muc-linh-kien'!$A$2:$D$11,3,FALSE()) -> 890000
A4: TRAM-003 | B4: LK003 | C4: 16 | D4: 46182 | E4: =VLOOKUP(TRIM(B4),'danh-muc-linh-kien'!$A$2:$D$11,2,FALSE()) -> CPU NVIDIA Jetson Nano | F4: =VLOOKUP(TRIM(B4),'danh-muc-linh-kien'!$A$2:$D$11,3,FALSE()) -> 2400000
A5: TRAM-004 | B5: LK010 | C5: 2 | D5: 45848 | E5: =VLOOKUP(TRIM(B5),'danh-muc-linh-kien'!$A$2:$D$11,2,FALSE()) -> SSD NVMe 512GB | F5: =VLOOKUP(TRIM(B5),'danh-muc-linh-kien'!$A$2:$D$11,3,FALSE()) -> 1350000
A6: TRAM-005 | B6: LK008 | C6: 4 | D6: 45968 | E6: =VLOOKUP(TRIM(B6),'danh-muc-linh-kien'!$A$2:$D$11,2,FALSE()) -> SSD SATA 256GB | F6: =VLOOKUP(TRIM(B6),'danh-muc-linh-kien'!$A$2:$D$11,3,FALSE()) -> 890000
A7: TRAM-006 | B7: LK002 | C7: 2 | D7: 46209 | E7: =VLOOKUP(TRIM(B7),'danh-muc-linh-kien'!$A$2:$D$11,2,FALSE()) -> CPU ESP32-S3 Dual-core 240MHz | F7: =VLOOKUP(TRIM(B7),'danh-muc-linh-kien'!$A$2:$D$11,3,FALSE()) -> 180000
A8: TRAM-007 | B8: LK003 | C8: 16 | D8: 46063 | E8: =VLOOKUP(TRIM(B8),'danh-muc-linh-kien'!$A$2:$D$11,2,FALSE()) -> CPU NVIDIA Jetson Nano | F8: =VLOOKUP(TRIM(B8),'danh-muc-linh-kien'!$A$2:$D$11,3,FALSE()) -> 2400000
A9: TRAM-008 | B9: LK010 | C9: 2 | D9: 45819 | E9: =VLOOKUP(TRIM(B9),'danh-muc-linh-kien'!$A$2:$D$11,2,FALSE()) -> SSD NVMe 512GB | F9: =VLOOKUP(TRIM(B9),'danh-muc-linh-kien'!$A$2:$D$11,3,FALSE()) -> 1350000
A10: TRAM-009 | B10: LK009 | C10: 2 | D10: 45722 | E10: =VLOOKUP(TRIM(B10),'danh-muc-linh-kien'!$A$2:$D$11,2,FALSE()) -> HDD 2.5 inch 500GB | F10: =VLOOKUP(TRIM(B10),'danh-muc-linh-kien'!$A$2:$D$11,3,FALSE()) -> 720000
A11: TRAM-010 | B11: LK001 | C11: 4 | D11: 45852 | E11: =VLOOKUP(TRIM(B11),'danh-muc-linh-kien'!$A$2:$D$11,2,FALSE()) -> CPU ARM Cortex-A72 1.5GHz | F11: =VLOOKUP(TRIM(B11),'danh-muc-linh-kien'!$A$2:$D$11,3,FALSE()) -> 1450000
A12: TRAM-011 | B12: LK010 | C12: 16 | D12: 45688 | E12: =VLOOKUP(TRIM(B12),'danh-muc-linh-kien'!$A$2:$D$11,2,FALSE()) -> SSD NVMe 512GB | F12: =VLOOKUP(TRIM(B12),'danh-muc-linh-kien'!$A$2:$D$11,3,FALSE()) -> 1350000
A13: TRAM-012 | B13: LK006 | C13: 4 | D13: 46109 | E13: =VLOOKUP(TRIM(B13),'danh-muc-linh-kien'!$A$2:$D$11,2,FALSE()) -> RAM LPDDR4 8GB | F13: =VLOOKUP(TRIM(B13),'danh-muc-linh-kien'!$A$2:$D$11,3,FALSE()) -> 980000
... A101: TRAM-100 | B101: LK010 | C101: 4 | D101: 45677 | E101: =VLOOKUP(TRIM(B101),'danh-muc-linh-kien'!$A$2:$D$11,2,FALSE()) -> SSD NVMe 512GB | F101: =VLOOKUP(TRIM(B101),'danh-muc-linh-kien'!$A$2:$D$11,3,FALSE()) -> 1350000

Sheet tinh-thoi-gian-tai-log
A1: Thong so | B1: Gia tri | C1: Ghi chu
A2: Dung luong log (MB) | B2: 500 | C2: Gia dinh theo de bai: file log 500MB
A3: Toc do mang (Mbps) | B3: 100 | C3: Gia dinh - sua theo mang thuc te
A4: He so quy doi bit->byte | B4: 8 | C4: 1 byte = 8 bit
A5: Toc do (MB/s) | B5: =B3/B4 -> 12.5 | C5: Mbps chia 8
A6: Thoi gian tai (giay) | B6: =B2/B5 -> 40 | C6: MB chia MB/s
A7: Thoi gian tai (phut) | B7: =B6/60 -> 0.66666667
A9: Chu thich: chu xanh duong = gia tri nhap/gia dinh (sua duoc); den = cong thuc. Don gia linh kien trong sheet 1 la gia tri minh hoa, khong phai bao gia that.
